{
  "mp3": {
    "files": 19,
    "original_ms_per_file": 0.14498072529309675,
    "rust_ms_per_file": 0.0013910528076322454,
    "speedup": 104.22373938475633,
    "passed": true
  },
  "flac": {
    "files": 7,
    "original_ms_per_file": 0.0634320146803345,
    "rust_ms_per_file": 0.0010485694344554628,
    "speedup": 60.493862014274384,
    "passed": false
  },
  "ogg": {
    "files": 3,
    "original_ms_per_file": 0.1534879362831513,
    "rust_ms_per_file": 0.001016616200407346,
    "speedup": 150.97923505611115,
    "passed": true
  },
  "mp4": {
    "files": 9,
    "original_ms_per_file": 0.1345867963714732,
    "rust_ms_per_file": 0.001192222245865398,
    "speedup": 112.88733861343171,
    "passed": true
  },
  "auto_detect": {
    "files": 38,
    "original_ms_per_file": 0.17374045043987665,
    "rust_ms_per_file": 0.0013650247925206234,
    "speedup": 127.28006948434358,
    "passed": true
  },
  "batch_mp3": {
    "files": 760,
    "original_ms_per_file": 0.14701272624446765,
    "rust_batch_ms_per_file": 0.0007866514160444863,
    "speedup": 186.88420721809757,
    "passed": true
  },
  "batch_flac": {
    "files": 280,
    "original_ms_per_file": 0.06696261781533915,
    "rust_batch_ms_per_file": 0.0005157897248864174,
    "speedup": 129.8254202913504,
    "passed": true
  },
  "batch_ogg": {
    "files": 120,
    "original_ms_per_file": 0.09928794849353531,
    "rust_batch_ms_per_file": 0.0005401748542984327,
    "speedup": 183.80705377796295,
    "passed": true
  },
  "batch_mp4": {
    "files": 360,
    "original_ms_per_file": 0.14500673084209362,
    "rust_batch_ms_per_file": 0.0011909280955377552,
    "speedup": 121.75943399556533,
    "passed": true
  },
  "batch_auto_detect": {
    "files": 1520,
    "original_ms_per_file": 0.17147905003328465,
    "rust_batch_ms_per_file": 0.0006242027187621907,
    "speedup": 274.71692269032695,
    "passed": true
  }
}