{
  "mp3": {
    "files": 19,
    "original_ms_per_file": 0.14814542067286215,
    "rust_ms_per_file": 0.009404311544801059,
    "speedup": 15.752925662565984,
    "passed": false
  },
  "flac": {
    "files": 6,
    "original_ms_per_file": 0.06748235318809748,
    "rust_ms_per_file": 0.012071842017273108,
    "speedup": 5.590062650881259,
    "passed": false
  },
  "ogg": {
    "files": 3,
    "original_ms_per_file": 0.17673467906812826,
    "rust_ms_per_file": 0.035776679093639054,
    "speedup": 4.939940864985173,
    "passed": false
  },
  "mp4": {
    "files": 9,
    "original_ms_per_file": 0.13645888409680793,
    "rust_ms_per_file": 0.009749007100860277,
    "speedup": 13.997208401332113,
    "passed": false
  },
  "auto_detect": {
    "files": 37,
    "original_ms_per_file": 0.17389034651018478,
    "rust_ms_per_file": 0.019610167254467268,
    "speedup": 8.867356624435313,
    "passed": false
  }
}