{
  "mp3": {
    "files": 19,
    "original_ms_per_file": 0.28573815775177397,
    "rust_cold_ms_per_file": 0.010120210438464327,
    "rust_warm_ms_per_file": 0.0008730000301607346,
    "speedup_cold": 28.234408710095238,
    "speedup_warm": 327.3060113172786
  },
  "flac": {
    "files": 7,
    "original_ms_per_file": 0.1155685713456478,
    "rust_cold_ms_per_file": 0.008819714171944984,
    "rust_warm_ms_per_file": 0.0007661427454357701,
    "speedup_cold": 13.10343726481125,
    "speedup_warm": 150.8446983726436
  },
  "ogg": {
    "files": 3,
    "original_ms_per_file": 0.2563553340830064,
    "rust_cold_ms_per_file": 0.015018666696657116,
    "rust_warm_ms_per_file": 0.0006486673858792832,
    "speedup_cold": 17.069114007308418,
    "speedup_warm": 395.2030573196015
  },
  "mp4": {
    "files": 9,
    "original_ms_per_file": 0.253529777789178,
    "rust_cold_ms_per_file": 0.010847999672276072,
    "rust_warm_ms_per_file": 0.0006753333663153979,
    "speedup_cold": 23.37110854060191,
    "speedup_warm": 375.4142626958152
  },
  "auto_detect": {
    "files": 38,
    "original_ms_per_file": 0.3392644736633979,
    "rust_cold_ms_per_file": 0.011907526353943945,
    "rust_warm_ms_per_file": 0.0008071053200278824,
    "speedup_cold": 28.49159964706092,
    "speedup_warm": 420.3472152205336
  },
  "batch_mp3": {
    "files": 760,
    "original_ms_per_file": 0.31703574736878326,
    "rust_batch_ms_per_file": 0.0013248500037757605,
    "speedup": 239.29935197588117
  },
  "batch_flac": {
    "files": 280,
    "original_ms_per_file": 0.1241036535767697,
    "rust_batch_ms_per_file": 0.0012247142876731232,
    "speedup": 101.33273925672779
  },
  "batch_ogg": {
    "files": 120,
    "original_ms_per_file": 0.2610038499976023,
    "rust_batch_ms_per_file": 0.0015483249929578353,
    "speedup": 168.5717476529232
  },
  "batch_mp4": {
    "files": 360,
    "original_ms_per_file": 0.27481171944398536,
    "rust_batch_ms_per_file": 0.0012375472275986492,
    "speedup": 222.06160162245538
  },
  "batch_auto_detect": {
    "files": 1520,
    "original_ms_per_file": 0.37275473947422716,
    "rust_batch_ms_per_file": 0.0014907467103560186,
    "speedup": 250.04565623707214
  }
}