{
  "mp3": {
    "files": 19,
    "original_ms_per_file": 0.28553821055921663,
    "rust_cold_ms_per_file": 0.010097684217295242,
    "rust_warm_ms_per_file": 0.0008391578759121904,
    "speedup_cold": 28.277593596178104,
    "speedup_warm": 340.2675691374854
  },
  "flac": {
    "files": 7,
    "original_ms_per_file": 0.11493428571286911,
    "rust_cold_ms_per_file": 0.009832857228632617,
    "rust_warm_ms_per_file": 0.0007527141860919073,
    "speedup_cold": 11.688798386921373,
    "speedup_warm": 152.69313085436588
  },
  "ogg": {
    "files": 3,
    "original_ms_per_file": 0.2564703333215827,
    "rust_cold_ms_per_file": 0.015065666654360635,
    "rust_warm_ms_per_file": 0.0006140001763318045,
    "speedup_cold": 17.023497147890858,
    "speedup_warm": 417.7040059724456
  },
  "mp4": {
    "files": 9,
    "original_ms_per_file": 0.25264722221941666,
    "rust_cold_ms_per_file": 0.011101555578029042,
    "rust_warm_ms_per_file": 0.0006809999225273108,
    "speedup_cold": 22.757821680362323,
    "speedup_warm": 370.99449480375597
  },
  "auto_detect": {
    "files": 38,
    "original_ms_per_file": 0.3390747631687861,
    "rust_cold_ms_per_file": 0.012161973700131057,
    "rust_warm_ms_per_file": 0.0008063684139128063,
    "speedup_cold": 27.879912547840178,
    "speedup_warm": 420.4960875432438
  },
  "batch_mp3": {
    "files": 760,
    "original_ms_per_file": 0.3047499973682103,
    "rust_batch_ms_per_file": 0.00611108947444001,
    "speedup": 49.86835794874957
  },
  "batch_flac": {
    "files": 280,
    "original_ms_per_file": 0.123128889286558,
    "rust_batch_ms_per_file": 0.006840642855162774,
    "speedup": 17.999607916035274
  },
  "batch_ogg": {
    "files": 120,
    "original_ms_per_file": 0.23870793333268617,
    "rust_batch_ms_per_file": 0.008762183332085746,
    "speedup": 27.242974072292583
  },
  "batch_mp4": {
    "files": 360,
    "original_ms_per_file": 0.2702377499998774,
    "rust_batch_ms_per_file": 0.00931039722268502,
    "speedup": 29.025372767279595
  },
  "batch_auto_detect": {
    "files": 1520,
    "original_ms_per_file": 0.3445446322368633,
    "rust_batch_ms_per_file": 0.007361560525815118,
    "speedup": 46.803205791575444
  }
}