{
  "mp3": {
    "files": 19,
    "original_ms_per_file": 0.3484227881448246,
    "rust_cold_ms_per_file": 0.00132879052360199,
    "rust_warm_ms_per_file": 0.001127367508352587,
    "speedup_cold": 262.2104703157764,
    "speedup_warm": 309.0587457624816
  },
  "flac": {
    "files": 7,
    "original_ms_per_file": 0.13490214561378316,
    "rust_cold_ms_per_file": 0.001315285252141101,
    "rust_warm_ms_per_file": 0.0011268587383840764,
    "speedup_cold": 102.5649344080923,
    "speedup_warm": 119.71522340700291
  },
  "ogg": {
    "files": 3,
    "original_ms_per_file": 0.3180820009826372,
    "rust_cold_ms_per_file": 0.001101997137690584,
    "rust_warm_ms_per_file": 0.0008923331430802742,
    "speedup_cold": 288.641403959751,
    "speedup_warm": 356.4610408671356
  },
  "mp4": {
    "files": 9,
    "original_ms_per_file": 0.301625890036424,
    "rust_cold_ms_per_file": 0.0010538885059456031,
    "rust_warm_ms_per_file": 0.0008714462940891584,
    "speedup_cold": 286.20284625439547,
    "speedup_warm": 346.1210313042704
  },
  "auto_detect": {
    "files": 38,
    "original_ms_per_file": 0.42323202605506305,
    "rust_cold_ms_per_file": 0.0012563158586425215,
    "rust_warm_ms_per_file": 0.0010550789547299868,
    "speedup_cold": 336.8834542233472,
    "speedup_warm": 401.13777661632497
  },
  "batch_mp3": {
    "files": 760,
    "original_ms_per_file": 0.37830174210524237,
    "rust_batch_ms_per_file": 0.0017149092041348157,
    "speedup": 220.5957850089786
  },
  "batch_flac": {
    "files": 280,
    "original_ms_per_file": 0.14706090005347505,
    "rust_batch_ms_per_file": 0.002099107119387814,
    "speedup": 70.05878770796798
  },
  "batch_ogg": {
    "files": 120,
    "original_ms_per_file": 0.19638611677995263,
    "rust_batch_ms_per_file": 0.0023468916576045253,
    "speedup": 83.6792427735689
  },
  "batch_mp4": {
    "files": 360,
    "original_ms_per_file": 0.26606657500249437,
    "rust_batch_ms_per_file": 0.001375163830946096,
    "speedup": 193.47991054959886
  },
  "batch_auto_detect": {
    "files": 1520,
    "original_ms_per_file": 0.3372468625074314,
    "rust_batch_ms_per_file": 0.0016912282980659878,
    "speedup": 199.40942502741447
  }
}