{
  "mp3": {
    "files": 19,
    "original_ms_per_file": 0.2859185262997543,
    "rust_cold_ms_per_file": 0.00976473687555163,
    "rust_warm_ms_per_file": 0.0008353683944350403,
    "speedup_cold": 29.28071999724029,
    "speedup_warm": 342.2663919349271
  },
  "flac": {
    "files": 7,
    "original_ms_per_file": 0.11544528570084367,
    "rust_cold_ms_per_file": 0.009711571432749875,
    "rust_warm_ms_per_file": 0.0007472856720726538,
    "speedup_cold": 11.887395000929818,
    "speedup_warm": 154.4861490260443
  },
  "ogg": {
    "files": 3,
    "original_ms_per_file": 0.2566976666760941,
    "rust_cold_ms_per_file": 0.015654999818555854,
    "rust_warm_ms_per_file": 0.0006236665891871477,
    "speedup_cold": 16.39716829455537,
    "speedup_warm": 411.59438572885483
  },
  "mp4": {
    "files": 9,
    "original_ms_per_file": 0.2519039999242523,
    "rust_cold_ms_per_file": 0.01020388885485267,
    "rust_warm_ms_per_file": 0.0006564443740191766,
    "speedup_cold": 24.68705838602447,
    "speedup_warm": 383.74005459431885
  },
  "auto_detect": {
    "files": 38,
    "original_ms_per_file": 0.33771381578461795,
    "rust_cold_ms_per_file": 0.01121228948058591,
    "rust_warm_ms_per_file": 0.0007865263270152928,
    "speedup_cold": 30.11996937551155,
    "speedup_warm": 429.37382282697774
  },
  "batch_mp3": {
    "files": 760,
    "original_ms_per_file": 0.3032567934221668,
    "rust_batch_ms_per_file": 0.006099172367756087,
    "speedup": 49.720974443248345
  },
  "batch_flac": {
    "files": 280,
    "original_ms_per_file": 0.12375164642760086,
    "rust_batch_ms_per_file": 0.006727796426275745,
    "speedup": 18.39408308258
  },
  "batch_ogg": {
    "files": 120,
    "original_ms_per_file": 0.24054067500098125,
    "rust_batch_ms_per_file": 0.01012158333348149,
    "speedup": 23.765123210050493
  },
  "batch_mp4": {
    "files": 360,
    "original_ms_per_file": 0.2697997472220474,
    "rust_batch_ms_per_file": 0.009396377777193266,
    "speedup": 28.713165181257498
  },
  "batch_auto_detect": {
    "files": 1520,
    "original_ms_per_file": 0.3355865263158289,
    "rust_batch_ms_per_file": 0.007269903947441267,
    "speedup": 46.16106742840017
  }
}