{
  "mp3": {
    "files": 19,
    "original_ms_per_file": 0.2797371577655308,
    "rust_cold_ms_per_file": 0.0010365260287040943,
    "rust_warm_ms_per_file": 0.000899315254125548,
    "speedup_cold": 269.8795302953166,
    "speedup_warm": 311.05572432164973
  },
  "flac": {
    "files": 7,
    "original_ms_per_file": 0.11663771458967988,
    "rust_cold_ms_per_file": 0.00105557098452534,
    "rust_warm_ms_per_file": 0.0009202859863372785,
    "speedup_cold": 110.49727237636085,
    "speedup_warm": 126.74072660162506
  },
  "ogg": {
    "files": 3,
    "original_ms_per_file": 0.22149433304245272,
    "rust_cold_ms_per_file": 0.0008426674564058582,
    "rust_warm_ms_per_file": 0.0007026683306321502,
    "speedup_cold": 262.8490412898695,
    "speedup_warm": 315.2188925935897
  },
  "mp4": {
    "files": 9,
    "original_ms_per_file": 0.26763722255256855,
    "rust_cold_ms_per_file": 0.0008343340596184134,
    "rust_warm_ms_per_file": 0.0006917770305234524,
    "speedup_cold": 320.77945214770887,
    "speedup_warm": 386.8836499963772
  },
  "auto_detect": {
    "files": 38,
    "original_ms_per_file": 0.3364672631601264,
    "rust_cold_ms_per_file": 0.0010816051814656117,
    "rust_warm_ms_per_file": 0.0010051053801649495,
    "speedup_cold": 311.08140837879665,
    "speedup_warm": 334.75819530973774
  },
  "batch_mp3": {
    "files": 760,
    "original_ms_per_file": 0.3120504828984849,
    "rust_batch_ms_per_file": 0.0016212512970301567,
    "speedup": 192.47508604625682
  },
  "batch_flac": {
    "files": 280,
    "original_ms_per_file": 0.12759192146144677,
    "rust_batch_ms_per_file": 0.001599660754436627,
    "speedup": 79.76186269968373
  },
  "batch_ogg": {
    "files": 120,
    "original_ms_per_file": 0.3080263083878284,
    "rust_batch_ms_per_file": 0.003814324979127074,
    "speedup": 80.75512969488027
  },
  "batch_mp4": {
    "files": 360,
    "original_ms_per_file": 0.2960501222130713,
    "rust_batch_ms_per_file": 0.0015264166399396749,
    "speedup": 193.95105796591122
  },
  "batch_auto_detect": {
    "files": 1520,
    "original_ms_per_file": 0.3860313289470995,
    "rust_batch_ms_per_file": 0.0017166296043126892,
    "speedup": 224.87747384600198
  }
}