{
  "mp3": {
    "files": 19,
    "original_ms_per_file": 0.28635984208928056,
    "rust_cold_ms_per_file": 0.010088894740826953,
    "rust_warm_ms_per_file": 0.0008524736681704924,
    "speedup_cold": 28.383668324981315,
    "speedup_warm": 335.9163488343775
  },
  "flac": {
    "files": 7,
    "original_ms_per_file": 0.11539300001978907,
    "rust_cold_ms_per_file": 0.009862142828101892,
    "rust_warm_ms_per_file": 0.0007342856796250479,
    "speedup_cold": 11.700601180808299,
    "speedup_warm": 157.15000744493994
  },
  "ogg": {
    "files": 3,
    "original_ms_per_file": 0.25595300000228843,
    "rust_cold_ms_per_file": 0.01457833332096925,
    "rust_warm_ms_per_file": 0.0006543332347064279,
    "speedup_cold": 17.55708244330849,
    "speedup_warm": 391.16613130177296
  },
  "mp4": {
    "files": 9,
    "original_ms_per_file": 0.25337844443937585,
    "rust_cold_ms_per_file": 0.010395888896002563,
    "rust_warm_ms_per_file": 0.0006748888760436481,
    "speedup_cold": 24.372946553594385,
    "speedup_warm": 375.4372807635204
  },
  "auto_detect": {
    "files": 38,
    "original_ms_per_file": 0.3404621842085027,
    "rust_cold_ms_per_file": 0.012724236835550217,
    "rust_warm_ms_per_file": 0.0007953947380500674,
    "speedup_cold": 26.756982647264643,
    "speedup_warm": 428.0417859478871
  },
  "batch_mp3": {
    "files": 760,
    "original_ms_per_file": 0.30265535394726995,
    "rust_batch_ms_per_file": 0.0063275644738257,
    "speedup": 47.83125564333949
  },
  "batch_flac": {
    "files": 280,
    "original_ms_per_file": 0.12228557499968572,
    "rust_batch_ms_per_file": 0.007656196428992449,
    "speedup": 15.972105226639075
  },
  "batch_ogg": {
    "files": 120,
    "original_ms_per_file": 0.19108374166686795,
    "rust_batch_ms_per_file": 0.01671797499890696,
    "speedup": 11.42983774526288
  },
  "batch_mp4": {
    "files": 360,
    "original_ms_per_file": 0.2700777222217867,
    "rust_batch_ms_per_file": 0.009829680555463306,
    "speedup": 27.475737456358985
  },
  "batch_auto_detect": {
    "files": 1520,
    "original_ms_per_file": 0.3378518697367757,
    "rust_batch_ms_per_file": 0.009365871052654925,
    "speedup": 36.072658681437375
  }
}