{
  "mp3": {
    "files": 19,
    "original_ms_per_file": 0.2844842631595001,
    "rust_cold_ms_per_file": 0.010063947372959533,
    "rust_warm_ms_per_file": 0.0008375789452417704,
    "speedup_cold": 28.26766204321287,
    "speedup_warm": 339.65068579581185
  },
  "flac": {
    "files": 7,
    "original_ms_per_file": 0.11524014280439587,
    "rust_cold_ms_per_file": 0.009967285742667238,
    "rust_warm_ms_per_file": 0.000749571427149931,
    "speedup_cold": 11.561837974714038,
    "speedup_warm": 153.74137624558264
  },
  "ogg": {
    "files": 3,
    "original_ms_per_file": 0.25597299994236283,
    "rust_cold_ms_per_file": 0.014659333373856498,
    "rust_warm_ms_per_file": 0.0006383334039128385,
    "speedup_cold": 17.46143521088523,
    "speedup_warm": 401.0020443443921
  },
  "mp4": {
    "files": 9,
    "original_ms_per_file": 0.252975888896698,
    "rust_cold_ms_per_file": 0.010576888901899414,
    "rust_warm_ms_per_file": 0.000670555588537051,
    "speedup_cold": 23.917797685410893,
    "speedup_warm": 377.26311318740125
  },
  "auto_detect": {
    "files": 38,
    "original_ms_per_file": 0.33950302630919876,
    "rust_cold_ms_per_file": 0.012272368430307037,
    "rust_warm_ms_per_file": 0.0008110263192257231,
    "speedup_cold": 27.664018419686972,
    "speedup_warm": 418.6091354388081
  },
  "batch_mp3": {
    "files": 760,
    "original_ms_per_file": 0.2999270105264211,
    "rust_batch_ms_per_file": 0.006044898684290513,
    "speedup": 49.616548794419266
  },
  "batch_flac": {
    "files": 280,
    "original_ms_per_file": 0.12420970714239438,
    "rust_batch_ms_per_file": 0.007539171425768082,
    "speedup": 16.475246433296217
  },
  "batch_ogg": {
    "files": 120,
    "original_ms_per_file": 0.19269195000409428,
    "rust_batch_ms_per_file": 0.015222108330211388,
    "speedup": 12.658689967516372
  },
  "batch_mp4": {
    "files": 360,
    "original_ms_per_file": 0.2722243833330948,
    "rust_batch_ms_per_file": 0.009762494444961098,
    "speedup": 27.88471582420241
  },
  "batch_auto_detect": {
    "files": 1520,
    "original_ms_per_file": 0.3381430144737638,
    "rust_batch_ms_per_file": 0.007975978947247072,
    "speedup": 42.39517389780406
  }
}