{
  "mp3": {
    "files": 19,
    "original_ms_per_file": 0.2877505264079541,
    "rust_cold_ms_per_file": 0.010407210395083225,
    "rust_warm_ms_per_file": 0.0008764737255038008,
    "speedup_cold": 27.6491504912689,
    "speedup_warm": 328.3047945818957
  },
  "flac": {
    "files": 7,
    "original_ms_per_file": 0.11563128542288073,
    "rust_cold_ms_per_file": 0.009174856781360827,
    "rust_warm_ms_per_file": 0.0007568565446750394,
    "speedup_cold": 12.603061625745635,
    "speedup_warm": 152.77833855889781
  },
  "ogg": {
    "files": 3,
    "original_ms_per_file": 0.26507899989762035,
    "rust_cold_ms_per_file": 0.02890766578881691,
    "rust_warm_ms_per_file": 0.0006613336154259741,
    "speedup_cold": 9.169851410146288,
    "speedup_warm": 400.8249296792199
  },
  "mp4": {
    "files": 9,
    "original_ms_per_file": 0.2549192221421335,
    "rust_cold_ms_per_file": 0.010348999542960277,
    "rust_warm_ms_per_file": 0.0006628890534759396,
    "speedup_cold": 24.63225755145943,
    "speedup_warm": 384.55789970498597
  },
  "auto_detect": {
    "files": 38,
    "original_ms_per_file": 0.3410910264248837,
    "rust_cold_ms_per_file": 0.013272842089032852,
    "rust_warm_ms_per_file": 0.0008040789046055196,
    "speedup_cold": 25.698416671944138,
    "speedup_warm": 424.200939076026
  },
  "batch_mp3": {
    "files": 760,
    "original_ms_per_file": 0.30771913290281144,
    "rust_batch_ms_per_file": 0.0011094447376978533,
    "speedup": 277.3631911953922
  },
  "batch_flac": {
    "files": 280,
    "original_ms_per_file": 0.12420333571623945,
    "rust_batch_ms_per_file": 0.0010325464245397598,
    "speedup": 120.28837906402222
  },
  "batch_ogg": {
    "files": 120,
    "original_ms_per_file": 0.24976345836572972,
    "rust_batch_ms_per_file": 0.002390925025489802,
    "speedup": 104.46310766878332
  },
  "batch_mp4": {
    "files": 360,
    "original_ms_per_file": 0.2731082027821685,
    "rust_batch_ms_per_file": 0.00117135833635176,
    "speedup": 233.15512794553916
  },
  "batch_auto_detect": {
    "files": 1520,
    "original_ms_per_file": 0.3508787888150484,
    "rust_batch_ms_per_file": 0.0013633559176110123,
    "speedup": 257.36404139418556
  }
}