{
  "mp3": {
    "files": 19,
    "original_ms_per_file": 0.2861241578820658,
    "rust_cold_ms_per_file": 0.01010489473915904,
    "rust_warm_ms_per_file": 0.0008737368644735972,
    "speedup_cold": 28.315402116289427,
    "speedup_warm": 327.4717704104746
  },
  "flac": {
    "files": 7,
    "original_ms_per_file": 0.11534214276512753,
    "rust_cold_ms_per_file": 0.009888000022328924,
    "rust_warm_ms_per_file": 0.0007568571943141121,
    "speedup_cold": 11.664860690196575,
    "speedup_warm": 152.3961767578284
  },
  "ogg": {
    "files": 3,
    "original_ms_per_file": 0.2598013331104691,
    "rust_cold_ms_per_file": 0.014582999938284047,
    "rust_warm_ms_per_file": 0.0006480001199330824,
    "speedup_cold": 17.815355839673643,
    "speedup_warm": 400.9279089906622
  },
  "mp4": {
    "files": 9,
    "original_ms_per_file": 0.25383455562809504,
    "rust_cold_ms_per_file": 0.010968222138924628,
    "rust_warm_ms_per_file": 0.0006799999836301948,
    "speedup_cold": 23.142725631647547,
    "speedup_warm": 373.2861202039943
  },
  "auto_detect": {
    "files": 38,
    "original_ms_per_file": 0.34319926314645655,
    "rust_cold_ms_per_file": 0.012233526305001425,
    "rust_warm_ms_per_file": 0.0008458158079424481,
    "speedup_cold": 28.05399314882305,
    "speedup_warm": 405.76123066478425
  },
  "batch_mp3": {
    "files": 760,
    "original_ms_per_file": 0.31126835526361235,
    "rust_batch_ms_per_file": 0.006205828947857203,
    "speedup": 50.15741778881764
  },
  "batch_flac": {
    "files": 280,
    "original_ms_per_file": 0.126085728574513,
    "rust_batch_ms_per_file": 0.008460000000403462,
    "speedup": 14.9037504218085
  },
  "batch_ogg": {
    "files": 120,
    "original_ms_per_file": 0.2763958833308303,
    "rust_batch_ms_per_file": 0.015070133334423494,
    "speedup": 18.34063954162114
  },
  "batch_mp4": {
    "files": 360,
    "original_ms_per_file": 0.2789230305552337,
    "rust_batch_ms_per_file": 0.009966727778495018,
    "speedup": 27.985416754038333
  },
  "batch_auto_detect": {
    "files": 1520,
    "original_ms_per_file": 0.3548346013160067,
    "rust_batch_ms_per_file": 0.008133504605355387,
    "speedup": 43.6262863959493
  }
}